id;first_name;last_name;gender;email;phone;address_line_1;address_line_2;city;country;user_id
1;Garnett;Schinner;OTHER;g-5.@Pis~(trpqXom%)4Y;E*N20pVvN$pv>0"wEJ#e,;y*:Hk'rIF5+?-`;#D^#M=.3GmuI(H49NoP]D!9`,*iy#c:pFBrT8;(361) 760-0978 x92019;Money Market Account;Albania web-readiness;South Leopold;Iceland;1
2;Alycia;Greenfelder;MALE;WHC!=">[%{P1BP[/#ti|T(!&ql}1<b%YrMP0R`dm{W%~4gIYW>iqvO,&VkZA`-\@V8gJR5obU%fDsAy_bwlrrZ`%]z0fZXk\WUZ:1NE.8$.R5f[)>;q6q6EtC\D%%k1;866-140-0999;cross-platform access;Public-key;South Marjorieland;Myanmar;1
3;River;Barton;MALE;NSBEva1WEJ7kbe{x{<"$F!p{.KQ0UH8?H.xLEe'Y=RX._5M@wQ7;")/x,"FfK%AwD+&d5'{}$!l:X/Mr#I8dvudceE#^gff9`d~:J`N?#B,mtgbj~^\B:Id?yZ0.9-b{:T!*2eaa`w?k#zW)KVu2=Y\SEii;_Z#uKQB[z&O-HEmUU_i7mI>DL"[C9l1yENEGJcLJ3nS)?EZ~$RA<we1Qmq"aZJwqD;1-255-109-8749 x389;capacitor archive;sky blue Tasty Plastic Pizza;Lake Donavon;Maldives;2
4;Kyler;Hermiston;FEMALE;9z8Z)z5F~zZv_Nb&[a=aiChaF&d'k*S,jV0]2W^&Gy=q\"kgrj~mKz_*Kge@zbiqV6G{*&VLty.]C,;=%1REOZ^2f\u;731-200-8177 x777;Unbranded Plastic Tuna Frozen;generating Highway Ergonomic;West Marcella;Ghana;2
5;Monte;McLaughlin;OTHER;"Q'FE5g`-\_47in+$sDq.6W=2uY<C5MkF6RP;jM75@Eb$Fo6*2Y:g[NJ_IybXK,WB=:`p<pSQv!h0o*/?H3hx7=6(jX(e:v2\OZe.1}wv;DLk)Dk27U$3vK5nVs!.c%9L-Sp4hR`Qe2IyQS$dTJeot6XdU|]XAeX>0^+Ehjl~c$2bM8W~E};1-527-240-5741 x0412;Dynamic;knowledge base Buckinghamshire;Connellyberg;Mozambique;1
6;Kamille;Roob;OTHER;U:URY;j}VtX%N<$.o2#Y^2p$XNk,-drxjD`MLK;Jz>#Rt5-puy#Mr+A*H%C}4Ms4NlfNOB_kZ8"g0)]&t,<6nXy2@$d.}0b<p%_|s=:QMF08n.:wyc:2inZcEv?isd0.JP`ghgoK$]z];6;1-682-618-4821 x48853;Fresh granular Direct;Profit-focused;North Rebeca;Guatemala;2
7;Ellsworth;Adams;FEMALE;u*awct\EuFNId6?dd2H4E'\kTzF3y/XZzj;>'N6tcRYF[Z;6"UMQg;V)r]8"2^7lDm|h8n3MMvQCxy5n-h4@7,u0usf'eig}bPx5"#Lj&'0(t}X!j|YWh(l.V>Set)30?C/K;1-291-325-5743;Engineer;Exclusive Moroccan Dirham card;East Zoetown;Estonia;2
8;Weston;Kuvalis;OTHER;9&NGQ8MwC1q,P|,Sb,Kwy=vC+)T"XrWR<t}Q6PS8P_/g1O#j$:zDKYBn0-m!tQMUJ{OrQ@E,#"nfos4zp|Cy{Q0LwZTQKOXg#Qd\jPkfnOeN*YXWUHj5I2($L;uJRya.d~x5)VYDx\%^Ik=~KB7\_f7tu.%r+y`>"BV{.Dfd88O5I*i>y)K53S28Q{Db4|eV{8<~(%L7WO4IL)aG49+Pfo-x<zDG4Vid_i0;952-560-7322 x783;invoice withdrawal;bypassing optical;West Joeyville;Paraguay;1
9;Ryann;McLaughlin;OTHER;3O|.9y7OGHx,DMqZ?r:K$ICLkGT(arGUEXm"p.@#SOP(XV3r3sc3!rI^bld}Ih!iD)*{e{/g7.!rhi7_p>QA>gWm/mrf,Xk~wR&QDSr5!{2?6q.E)T&D}1;019-633-5981 x6371;Global;Fiji Dollar Profound Bacon;Luettgenport;Malawi;1
10;Deangelo;Zieme;OTHER;D[|A>S^xK]qEb[4#<mwR*uV[I57Luzz23wF9lx82RpS"6;Qg|%_|8SabgkW'X7yb@?zJ+IBJmw<F>O)flL%bMj&-Hx!36t8{$=lO]Q?K.PJ+q)LtW1UzucK';;YX;/Ew}pW>tje*>D=oS90tt+Jk51'5BqvnP'fqp01wb's%S:.'IR);1-237-788-8847;invoice Unbranded Cheese;New Zealand Dollar Alabama transform;Ondrickashire;Albania;1
